name, homepage
JMB中部パラグライダースクール,https://www.jmbcyubu.com/
JMB富士見パノラマ,https://www.windhop.com/
JMB立山パラグライダースクール,https://tateyama-pgs.jp/
KPS那須高原パラグライダースクール,https://www.kps-paraglider.jp/
MAPSパラグライダースクール,https://mapspg.com/
S.E.T.三陸パラグライダースクール,
nasa,https://nasa.ne.jp/
こまちパラグライダースクール,https://www.komachipara.com/
ときがわパラグライダースクール,https://sky-tokigawa.com/
となみ野パラグライダースクール,
とんとんトンビパラグライダースクール,https://tonton-tonbi.sakura.ne.jp/
とんぼクラブ,https://tonboclub1.wordpress.com/
びわ湖スカイパーク,https://www.facebook.com/p/%E3%81%B3%E3%82%8F%E6%B9%96%E3%82%B9%E3%82%AB%E3%82%A4%E3%83%91%E3%83%BC%E3%82%AF-100054268251293/
みかも山ハング・パラグライダークラブ,http://mikamo.g3.xrea.com/
イクスパラグライダースクール,https://www.ex-paraglider.com/
ウイングキッス,https://wingkiss.jp/
エアパークCoo,https://www.airparkcoo.jp/
エリアヤマザキ,
エルクパラグライダースクール,https://www.erukpgs.com/
エンゼルラインフライトエリア,https://angelflight.web.fc2.com/
グランボレパラグライダースクール,https://www.g-v.jp/
サンライフパラグライダースクール,https://sunlifepara.com/
ジャムスポーツパラグライダースクール,https://www.jamsports.jp/
スカイテックフライングアカデミー,https://sky-tec.net/
スカイトライアル,https://www.facebook.com/Karasuyama.Skytrial/
スカイパーク宇都宮パラグライダースクール,https://skypark.ne.jp/
スカイパーク毛呂山,https://www.skyparkmoroyama.com/
スカイブルー八方尾根,https://hakubapara.com/
スカイレンジャー関西,https://www.src-para.net/
スカイ朝霧,http://www.skyasa.com/
スカイ獅子吼パラグライダースクール,https://skyshishiku.jp/
ソアリングシステムパラグライダースクール,https://soaringsystems.co.jp/
ソラトピア,https://soratopia.jp/
トップフィールドパラグライダースクール,https://www.top-field.jp/
パラグライダーパーク青木,https://www.paragliderpark.jp/
パラトピア五竜,https://www.paratopia.jp/
パラフィールド,https://www.paraglider.co.jp/
パープルラインフライトエリア,
ファンスカイ229パラグライダークラブ,https://funsky229.wixsite.com/main
ユーピーパラグライダースクール,https://upnest.co.jp/
七時雨パラグライダースクール,https://nanashigure-para.com/
三ノ倉パラグライダースクール,https://1999katz.jimdofree.com/
三河フライヤーズクラブ,http://www.mikawa.flyersclub.info/
中日パラグライダー,http://www.chunichi-para.jp/
丹沢スカイクラブ,https://tanzawa-sky-club.com/
丹那ハンググライディングクラブ,https://tannahgc.web.fc2.com/index.html
京都エアースポーツ,https://www.kyotoairsports.com/
今井浜フライングスクール,http://www.imaihama.com/
付知パラグライダークラブ,https://tsukechi.1web.jp/
伊吹山パラグライダースクール,https://www.za.ztv.ne.jp/dwi4w4zc/
伊良湖ビュースカイパーク,https://flyaway97.wixsite.com/iragovsp
伊豆フライトハウス,https://www.flighthouse.com/
伊賀野パラグライダー倶楽部,http://ghf-sky.com/?page_id=333
太平スカイクラブ,https://www.cc9.ne.jp/~o-hirasukai782/m/index.html
妙義スカイパーク,https://www.miyogi.jp/
宮妻パラグライダークラブ,https://miyazuma.kirara.st/
寒風山パラグライダースクール,http://www.kanpu.jp/
尾神岳パラグライダー,https://www.jyoetu-okami.com/
忍野スカイスポーツ倶楽部,https://www.oshinoskysports.com/
新城スカイパーク,https://www2s.biglobe.ne.jp/~shinsky/
朝霧高原PGS,http://www.asagiri-para.com/taiken/index.html
木崎湖フライトパーク,https://kizakiko.net/wordpress/
東海SKYパラグライダースクール,http://airkassy.com/ikeda/
東紀州イーグルス・アウトドアクラブ,https://eagles.livedoor.biz/
榛名パラグライダーパーク,http://www.haruna-pgp.com/index.html
泉ヶ岳パラグライダースクール,https://izumipara2.cocolog-nifty.com/
浜名湖パラグライダースクール,http://jpmsports.com/
生坂スカイスポーツ公園,http://www.backcountry.co.jp/ikusakasky/
空ともパラグライダースクール,https://soratomo.co.jp/
胎内パラグライダークラブ,https://www.tainai-club.jp/
茨城県ハンググライダーの会,https://itajiki.com/wp/
西富士友の会,https://nishifuji.jimdofree.com/
西東京パラグライダースクール,https://nishitokyo-para.jp/
長瀞パラグライダークラブ,https://sites.google.com/site/nagatoroparagliderclub/home
鳴倉山スカイスポーツスクール,
黒潮パラグライダークラブ,https://www.ztv.ne.jp/xx8skoct/kuropara/
